ID,Name,Age,City,Salary,Experience_Years
1,Person_1,24,Islamabad,63044,3
2,Person_2,37,Faisalabad,76214,13
3,Person_3,46,Faisalabad,86228,4
4,Person_4,32,Lahore,73984,6
5,Person_5,28,Islamabad,65774,6
6,Person_6,25,Multan,27568,12
7,Person_7,46,Islamabad,87592,14
8,Person_8,38,Multan,92563,10
9,Person_9,24,Lahore,27695,12
10,Person_10,43,Karachi,73190,3
11,Person_11,36,Faisalabad,30258,12
12,Person_12,40,Lahore,112538,6
13,Person_13,28,Faisalabad,64504,10
14,Person_14,28,Karachi,58159,2
15,Person_15,41,Karachi,38986,5
16,Person_16,38,Lahore,86858,11
17,Person_17,21,Karachi,37666,1
18,Person_18,25,Multan,63660,9
19,Person_19,41,Karachi,28561,12
20,Person_20,20,Faisalabad,51854,13
21,Person_21,39,Faisalabad,89505,8
22,Person_22,38,Faisalabad,77251,4
23,Person_23,19,Faisalabad,47662,5
24,Person_24,41,Multan,33392,11
25,Person_25,29,Islamabad,55535,11
26,Person_26,47,Lahore,103603,11
27,Person_27,23,Faisalabad,77256,11
28,Person_28,19,Karachi,114135,3
29,Person_29,49,Faisalabad,60222,13
30,Person_30,45,Karachi,102373,13
31,Person_31,38,Karachi,104575,10
32,Person_32,18,Faisalabad,109651,9
33,Person_33,29,Multan,88335,6
34,Person_34,43,Karachi,35965,11
35,Person_35,39,Karachi,49538,8
36,Person_36,46,Faisalabad,95592,6
37,Person_37,29,Karachi,33110,13
38,Person_38,42,Karachi,104309,0
39,Person_39,34,Faisalabad,52266,0
40,Person_40,44,Faisalabad,77992,8
41,Person_41,44,Lahore,107948,10
42,Person_42,48,Multan,31910,13
43,Person_43,27,Multan,115982,8
44,Person_44,49,Karachi,25206,3
45,Person_45,45,Multan,112054,12
46,Person_46,45,Karachi,112897,8
47,Person_47,33,Lahore,48419,2
48,Person_48,32,Faisalabad,75636,6
49,Person_49,47,Faisalabad,75015,5
50,Person_50,47,Faisalabad,79268,7
